Label,# Samples,Average,Median,90% Line,95% Line,99% Line,Min,Max,Error %,Throughput,Received KB/sec,Sent KB/sec
Retrieve available users,5328664,10,10,17,20,28,0,927,0.000%,4441.09367,9454.67,1058.23
Retrieve available users-0,5328664,4,4,8,10,13,0,148,0.000%,4441.13808,910.78,529.12
Retrieve available users-1,5328664,6,6,11,13,21,0,925,0.000%,4441.33427,8544.36,529.14
TOTAL,15985992,7,6,13,16,24,0,927,0.000%,13323.28100,18909.34,2116.46
